,id,Original text,Clean text,create_at
0,1233822665334493187,"RT @BethFratesMD: Giving someone your time, energy+attention is a true ğŸ. It requires you to be mindful of the person in front of you. Sharâ€¦",giving someone time energy+attention true requires mindful person front shar ,Sat Feb 29 18:33:41 +0000 2020
,id,Original text,Clean text,create_at
0,1233822660741693440,RT @KariJoys: #Kindness is #Love made visible. #JoyTrain #Joy #Peace #Mindfulness RT @LavaletteAstrid https://t.co/j4KRH3mZX8,made visible rt,Sat Feb 29 18:33:40 +0000 2020
,id,Original text,Clean text,create_at
0,1233822652646641664,"RT @jim73194352: I am beautiful 
I am strong
I am a good sniffer
I am Gunner 
I am a good dog

I am kind
I am loved
I am a good barker
I amâ€¦",beautiful strong good sniffer gunner good dog kind loved good barker am ,Sat Feb 29 18:33:38 +0000 2020
,id,Original text,Clean text,create_at
0,1233822650272813057,"Very easy for me to look at pics, see people and feel a sense of #celebration about their happiness, even if temporâ€¦ https://t.co/GTm8YRIH5C",easy look pic see people feel sense happiness even tempor ,Sat Feb 29 18:33:37 +0000 2020
,id,Original text,Clean text,create_at
0,1233822642400120833,"RT @KariJoys: Give yourself the gift of Unconditional #SelfLove!  â¤ï¸âœ¨ 

#JoyTrain #Joy #Love #Kindness  #MentalHealth #Mindfulness #GoldenHâ€¦",give gift unconditional    ,Sat Feb 29 18:33:35 +0000 2020
,id,Original text,Clean text,create_at
0,1233822607755087872,The perks of having a friend who lives at walking distance â€œletâ€™s go to dinner. My treatâ€ - ci pensa ElviSâ€¦ https://t.co/Tfyp6FCua0,perk friend life walking distance   let   go dinner treat   ci pensa elvis ,Sat Feb 29 18:33:27 +0000 2020
,id,Original text,Clean text,create_at
0,1233822606572314625,"RT @OllyGuseva: https://t.co/eZ6i5TERE8

Live in the moment &amp; #love unconditionally.
#Newbook about this beautiful #cat is coming soon!
@MRâ€¦",live moment amp unconditionally beautiful coming soon  ,Sat Feb 29 18:33:27 +0000 2020
,id,Original text,Clean text,create_at
0,1233822584636084224,"RT @HUSKYLOVERSUSA1: My dog gives me such joy and makes me laugh incessantly.
ğŸ‘ˆğŸ‘ˆğŸ‘‰ğŸ‘‰ğŸ‘‰ğŸ‘‰ğŸ‘‰
#husky #huskyheaven #puppy #cute #love #FeelingGood #â€¦",dog give joy make laugh incessantly  ,Sat Feb 29 18:33:22 +0000 2020
,id,Original text,Clean text,create_at
0,1233822571445018624,"We need to get into our relationship so we enjoy the fact that we bond with each other, each give to each other, fuâ€¦ https://t.co/pHqgd2UbAN",need get relationship enjoy fact bond give fu ,Sat Feb 29 18:33:19 +0000 2020
,id,Original text,Clean text,create_at
0,1233822564797034496,"RT @emel0371: My mood before noon  ğŸ™„ğŸ˜ƒ

#mood 
#happy #Days 
#ThursdayWisdom
#Persembe

ğŸ“½ IG discover.animal https://t.co/FjxFaMr5VP",mood noon ig discover.animal,Sat Feb 29 18:33:17 +0000 2020
,id,Original text,Clean text,create_at
0,1233822526402367491,#happy #perfectcurls Peruvian Wave Hair Lace Closure https://t.co/NriaxeEv77 https://t.co/aJu4AgnhCh,peruvian wave hair lace closure,Sat Feb 29 18:33:08 +0000 2020
,id,Original text,Clean text,create_at
0,1233822513060339716,RT @IrfanPathan: You are special to me not only on your birthday but everyday my darling. Wishing you a very happy birthday #safa #wifey #bâ€¦,special birthday everyday darling wishing happy birthday  ,Sat Feb 29 18:33:05 +0000 2020
,id,Original text,Clean text,create_at
0,1233822507112660992,"RT @TzuyuData: The first news article is trending on Naver Top Commented News Ranking!!

ğŸ”—https://t.co/L2nyPHt16C

Spread #LOVE!!
Let's floâ€¦",first news article trending naver top commented news ranking spread let 's flo ,Sat Feb 29 18:33:03 +0000 2020
,id,Original text,Clean text,create_at
0,1233822494148030464,"Said no man to me ever before but who hopefully will one day. â¤ï¸ğŸ¥°ğŸ‘‡ğŸ»

#passion
#romance
#desire
#romancewriterâ€¦ https://t.co/rVycPV7ClW",said man ever hopefully one day    ,Sat Feb 29 18:33:00 +0000 2020
,id,Original text,Clean text,create_at
0,1233822484669108225,"RT @OnlyOneFancafe: â €â €â €â €
â €â €â €â € â‡¢ Love, Yoojung, KB and Mill
â €â €â €â € â‡¢ 200229
â €#onlyoneof #ì˜¨ë¦¬ì›ì˜¤ë¸Œ #Love #ëŸ¬ë¸Œ https://t.co/3DWE9GTr8e",      love yoojung kb mill     200229  ,Sat Feb 29 18:32:58 +0000 2020
,id,Original text,Clean text,create_at
0,1233822439043366912,"ğŸ°To be happy, I just need meğŸ°.
.
.
.

.
.
.
.

#happy #love #instagood #like #photooftheday #smile #beautiful #cuteâ€¦ https://t.co/PipRIQD00m",happy need  ,Sat Feb 29 18:32:47 +0000 2020
,id,Original text,Clean text,create_at
0,1233822405862154241,"RT @pattucheenu: #GoodMorning Happy #LeapYear
Lovely Friends #LeapDay Is Celebrated Every Four Years When #February29 Is On The Calendar Itâ€¦",happy lovely friend celebrated every four year calendar it ,Sat Feb 29 18:32:39 +0000 2020
,id,Original text,Clean text,create_at
0,1233822386870308864,"RT @5REDVELVET: [OFFICIAL] 200301 #JOY Instagram Story update

#REDVELVET @RVsmtown https://t.co/Df7xhgE5vs",official 200301 instagram story update,Sat Feb 29 18:32:34 +0000 2020
,id,Original text,Clean text,create_at
0,1233822294180597762,"Dad and son #love 
I couldnâ€™t make this up https://t.co/YJDST9Hi8G",dad son   make,Sat Feb 29 18:32:12 +0000 2020
,id,Original text,Clean text,create_at
0,1233822291747856386,"RT @PeggyMercer: #Love your loved ones, tell them that, say the words to them...for none of us do not know the ""hour"" of our calling... httâ€¦",loved one tell say word them.for none u know `` hour '' calling htt ,Sat Feb 29 18:32:12 +0000 2020
,id,Original text,Clean text,create_at
0,1233822241780953088,"RT @kstarlivecom: #RedVelvet's #Joy Drew Admiration from Fans for Her Cute Twin Bun Hairstyle at Recent Concert (+ Photos)
âœ… Follow @kstarlâ€¦",'s drew admiration fan cute twin bun hairstyle recent concert photo follow  ,Sat Feb 29 18:32:00 +0000 2020
,id,Original text,Clean text,create_at
0,1233822225331052544,My sonâ€™s new puppy. His name is Krypto (for your Superman fans) Heâ€™s a white German Shepard ğŸ¾ and he is amazing!â€¦ https://t.co/54ngvwSlj0,son   new puppy name krypto superman fan   white german shepard amazing  ,Sat Feb 29 18:31:56 +0000 2020
,id,Original text,Clean text,create_at
0,1233822211166728192,"RT @BodmerRv: 200229 RCY Joy Correction+Background

#ë ˆë“œë²¨ë²³ #RedVelvet
#ì¡°ì´ #JOY

Orig https://t.co/A5Xn0DcTgi
1920*1080 https://t.co/Jolmbdk5â€¦",200229 rcy joy correction+background orig 1920*1080,Sat Feb 29 18:31:53 +0000 2020
,id,Original text,Clean text,create_at
0,1233822209141026816,"RT @AngelaMariabs20: Good morning friends â˜•â˜•
#Coffee #Roses #coffeelovers
#love #Coffetime #chocolate #cappuccino 
 
ğŸ’œğŸ’œğŸƒğŸŒ·ğŸŒ·ğŸ’œğŸ’œğŸŒ·ğŸŒ·ğŸƒğŸ’œğŸ’œ https://tâ€¦",good morning friend,Sat Feb 29 18:31:52 +0000 2020
,id,Original text,Clean text,create_at
0,1233822184927350786,"RT @MuttsInMind: â€œA dog is the only thing on earth that loves you more than you love yourself.â€

â€“Josh Billings

#dogs #love #truelove #friâ€¦",  dog thing earth love love yourself.    josh billing  ,Sat Feb 29 18:31:46 +0000 2020
,id,Original text,Clean text,create_at
0,1233822122608250881,"Bought my dog a new toy today...  The excitement and happiness was so pure...
#love",bought dog new toy today excitement happiness pure,Sat Feb 29 18:31:31 +0000 2020
,id,Original text,Clean text,create_at
0,1233822097782210561,"RT @ninsthewriter: The Girl Who Loved Cayo Bradley 
        by Nina Romano 

         https://t.co/yi0caiPAq9       

#Free #KindleUnlimiteâ€¦",girl loved cayo bradley nina romano  ,Sat Feb 29 18:31:26 +0000 2020
,id,Original text,Clean text,create_at
0,1233822078693859329,Nail did with falishaaa Happy Saturday ğŸ’™ğŸ’–â¤ğŸ–¤ #nailsğŸ’… #love #pinknbluenails  #lovethemsomuchâ¤ï¸ https://t.co/PL8J48oVdP,nail falisha happy saturday  ,Sat Feb 29 18:31:21 +0000 2020
,id,Original text,Clean text,create_at
0,1233822072666775552,#love #baby Kids String Beads Wooden Toys https://t.co/7fh0DIeO9q https://t.co/E9N6y9kisl,kid string bead wooden toy,Sat Feb 29 18:31:20 +0000 2020
,id,Original text,Clean text,create_at
0,1233822069802053634,"RT @MamaForChange: ğŸ¶ Weeeeee......ğŸ˜‚ğŸ™ƒğŸ¤£

this kid knows how to
have fun, that's for sure ğŸ¶

â„ğŸ¶â˜ƒï¸â„ğŸ¶â˜ƒï¸â„ğŸ¶â˜ƒï¸â„ğŸ¶
#animalrights #animalwelfare #animâ€¦",we.  kid know fun 's sure    ,Sat Feb 29 18:31:19 +0000 2020
,id,Original text,Clean text,create_at
0,1233822043289903105,"My peace âœŒï¸, the spot where I turn everything upside down in my mind and in my heart â¤ï¸ 

#peace #meditate #reflectâ€¦ https://t.co/4HdPPInCn7",peace   spot turn everything upside mind heart    ,Sat Feb 29 18:31:13 +0000 2020
,id,Original text,Clean text,create_at
0,1233822036448858113,"RT @taithegem: The 1st set from my 90s inspired shoot. ğŸ“¸

Share if you liked ğŸˆ´ï¸

@Taithegem x @AmbersReign 

Styled x Makeup by me. ğŸ”¥

#SIGâ€¦",1st set 90 inspired shoot share liked   x styled x makeup  ,Sat Feb 29 18:31:11 +0000 2020
,id,Original text,Clean text,create_at
0,1233822028874031110,"RT @MusicLov3rzMag_: THEâ€‹ #JOYâ€‹ OF THE LORD IS OUR STRENGTH â€‹#NEHEMIAH8V10bâ€‹ #MusicLov3rz #WW â€‹ https://t.co/OtQHOkUOgl
&gt;",the    lord strength     gt,Sat Feb 29 18:31:09 +0000 2020
,id,Original text,Clean text,create_at
0,1233822028504846336,"""(For after all these things do the Gentiles seek:) for your heavenly Father knoweth that ye have need of all theseâ€¦ https://t.co/YAyarleAWC",`` thing gentile seek heavenly father knoweth ye need these ,Sat Feb 29 18:31:09 +0000 2020
,id,Original text,Clean text,create_at
0,1233821999727882240,"â€œA dog is the only thing on earth that loves you more than you love yourself.â€

â€“Josh Billings

#dogs #love #truelove #friendship #loyalty",  dog thing earth love love yourself.    josh billing,Sat Feb 29 18:31:02 +0000 2020
,id,Original text,Clean text,create_at
0,1233821996804382721,#joy #outerwear Women's Low Waisted Leather Pachwork Sport Leggings https://t.co/3OlyM9uDtP,woman 's low waisted leather pachwork sport legging,Sat Feb 29 18:31:01 +0000 2020
,id,Original text,Clean text,create_at
0,1233821992467521537,RT @Rizzuti09: I gave the Joy Award to @Chas10Buttigieg because he has brought so much Joy into all of our lives. He is truly the heart andâ€¦,gave joy award brought much joy life truly heart and ,Sat Feb 29 18:31:00 +0000 2020
,id,Original text,Clean text,create_at
0,1233821965716262912,"RT @Hottie174: ""If you see someone without a smile give them one of yours."" ğŸ’œ 
#peace #love #happiness #sharing #giving #lovelife https://tâ€¦",`` see someone without smile give one '',Sat Feb 29 18:30:54 +0000 2020
,id,Original text,Clean text,create_at
0,1233821925555810304,Pretty reasonable and remarkable piece by me. All the #Love and all the harmonies. #Music #Musician #Pianist #Piano https://t.co/Upcye1oWZK,pretty reasonable remarkable piece harmony,Sat Feb 29 18:30:45 +0000 2020
,id,Original text,Clean text,create_at
0,1233821906861617152,RT @joysooyoungpics: [INFO] Joy has been nominated for Best Female Variety Idol by the 2020 Brand Customer Loyalty Awards. Make sure to folâ€¦,info joy nominated best female variety idol 2020 brand customer loyalty award make sure fol ,Sat Feb 29 18:30:40 +0000 2020
,id,Original text,Clean text,create_at
0,1233821879040970753,"RT @Charlottestarbt: #LoveğŸ’•ğŸ•Šï¸

Intricately woven, savored stories untold
love's current matched, fire flared in my soul
I still feel your eâ€¦",  intricately woven savored story untold love 's current matched fire flared soul still feel e ,Sat Feb 29 18:30:33 +0000 2020
,id,Original text,Clean text,create_at
0,1233821857960337408,As it's the last day #February - here's a collection of some of the #Aldershot gems ğŸ’ we've been sharing with you aâ€¦ https://t.co/GH9Ke5LcJo,'s last day 's collection gem 've sharing a ,Sat Feb 29 18:30:28 +0000 2020
,id,Original text,Clean text,create_at
0,1233821839052492800,"RT @The_Kooples: NAME: BARBARA PALVIN
             DYLAN SPROUSE
LOCATION: LOS ANGELES
TIME: 11:38PM
#Love #UNFILTERED #SS20campaign https:â€¦",name barbara palvin dylan sprouse location los angeles time 1138pm https ,Sat Feb 29 18:30:24 +0000 2020
,id,Original text,Clean text,create_at
0,1233821829170630657,"THEâ€‹ #JOYâ€‹ OF THE LORD IS OUR STRENGTH â€‹#NEHEMIAH8V10bâ€‹ #MusicLov3rz #WW â€‹ https://t.co/OtQHOkUOgl
&gt;",the    lord strength     gt,Sat Feb 29 18:30:22 +0000 2020
,id,Original text,Clean text,create_at
0,1233821788175466496,#Happy #LeapDay! How are you going to spend this #extraday? #LeapYear #LeapDay2020 #BeHappy https://t.co/gUniElHTVi,going spend,Sat Feb 29 18:30:12 +0000 2020
,id,Original text,Clean text,create_at
0,1233821780143476736,#Laughter is good for the #Soul! #JoYTrain #Joy #Love #MentalHealth #Mindfulness RT @loveGoldenHeart https://t.co/unvKYccoQl,good rt,Sat Feb 29 18:30:10 +0000 2020
,id,Original text,Clean text,create_at
0,1233821767766102018,"It's Saturday! Get out there, and do what you love! What will you do today that makes you happy? JUST. START. DOINGâ€¦ https://t.co/24OLBPS8FW",'s saturday get love today make happy start doing ,Sat Feb 29 18:30:07 +0000 2020
,id,Original text,Clean text,create_at
0,1233821763617935361,Share The God Light Inside You! God Gave It To You So You Could Light the World With His Love. #God #love inspiratiâ€¦ https://t.co/Y56lQjBMT2,share god light inside god gave could light world love inspirati ,Sat Feb 29 18:30:06 +0000 2020
,id,Original text,Clean text,create_at
0,1233821746484129795,$10 Month Of Love Collection ends in the next 24 hours!  #Godislove â¤ï¸ | Shop now - https://t.co/0eFOturwVFâ€¦ https://t.co/TOlLFUhgLZ,10 month love collection end next 24 hour   shop,Sat Feb 29 18:30:02 +0000 2020
,id,Original text,Clean text,create_at
0,1233821740268183553,"RT @ninsthewriter: The Girl Who Loved Cayo Bradley 
          by Nina Romano 

https://t.co/yi0caj7bOJ       

#Free #KindleUnlimited 
#Lovâ€¦",girl loved cayo bradley nina romano  ,Sat Feb 29 18:30:00 +0000 2020
,id,Original text,Clean text,create_at
0,1233821738951114752,RT @Brie2230: What brings you joy? #vulnerability #joy #brenebrown https://t.co/sVn02r2k0M,brings joy,Sat Feb 29 18:30:00 +0000 2020
,id,Original text,Clean text,create_at
0,1233821737579495424,"Compassionate Jewish and Palestinian Doctors Together Creating Pathways to Peace for Refugee Children
Please Help Râ€¦ https://t.co/gtUDMPWwLy",compassionate jewish palestinian doctor together creating pathway peace refugee child please help r ,Sat Feb 29 18:30:00 +0000 2020
,id,Original text,Clean text,create_at
0,1233821702389469185,"@thesethbishop Nice. Thank you, friend. #LOVE",nice thank friend,Sat Feb 29 18:29:51 +0000 2020
,id,Original text,Clean text,create_at
0,1233821696559394820,"RT @KariJoys: Wherever you are &amp; whatever you do, be in #Love!  ğŸ’—â¤ï¸â¤ï¸ğŸ’—â¤ï¸â¤ï¸ğŸ’—â¤ï¸â¤ï¸ğŸ’—â¤ï¸â¤ï¸ğŸ’—â¤ï¸â¤ï¸ 

#JoyTrain #Joy #Love  #Kindness #GoldenHearts #â€¦",wherever amp whatever    ,Sat Feb 29 18:29:50 +0000 2020
,id,Original text,Clean text,create_at
0,1233821691219980288,"RT @MamaForChange: ğŸ˜» your feel good ğŸ™ƒ
for you &amp; your feed, today ğŸ’

feeling down....
hope this kid waving,
makes ya smile ğŸ˜»ğŸ¤£ğŸ™ƒğŸ˜‚

#animalrighâ€¦",feel good amp feed today feeling hope kid waving make ya smile    ,Sat Feb 29 18:29:49 +0000 2020
,id,Original text,Clean text,create_at
0,1233821674119794689,"RT @KariJoys: Wherever you are, and whatever you do, be in #LOVE. 

#JoyTrain #Joy #Peace #Kindness #Wisdom #Quote  #MentalHealth #Mindfulnâ€¦",wherever whatever  ,Sat Feb 29 18:29:45 +0000 2020
,id,Original text,Clean text,create_at
0,1233821672349761547,RT @ToastyCritic: What would you do if you only had one chance to tell a person you #love them?  How would you feel?  What would you say?â€¦,would one chance tell person would feel would say  ,Sat Feb 29 18:29:44 +0000 2020
,id,Original text,Clean text,create_at
0,1233821650333945856,"RT @KariJoys: No one is perfect. That's why #Understanding &amp; #Forgiveness are so important.

#JoyTrain #Joy #Love #Kindness #Quote #FamilyTâ€¦",one perfect 's amp important  ,Sat Feb 29 18:29:39 +0000 2020
,id,Original text,Clean text,create_at
0,1233821464652058627,"Thanks to the cookie finder app, I finally found them! #GirlScoutCookies #Love #Happiness https://t.co/Ie1blnKjUS",thanks cookie finder app finally found,Sat Feb 29 18:28:55 +0000 2020
,id,Original text,Clean text,create_at
0,1233821425364021250,"RT @Hottie174: ""When he smiles at me I feel like the whole world is mine."" â™¥ï¸
#love #happiness #trust #bestfriend #soulmate #loveyou https:â€¦",`` smile feel like whole world mine ''   https ,Sat Feb 29 18:28:45 +0000 2020
,id,Original text,Clean text,create_at
0,1233821398537297921,"RT @MeriwetherMrket: Can you fall in #love with a #lamp?
https://t.co/88SO3IJdYM 
#TableLamps #HomeDecor #Ceramics #Porcelain #Lady #Womanâ€¦",fall  ,Sat Feb 29 18:28:39 +0000 2020
,id,Original text,Clean text,create_at
0,1233821396314345472,"RT @Alpha_Waters_KE: Deep Meaning: A CRY OF AN AFRICAN WOMAN IN THE COLONIAL TIMES. (Dated 2011.)

 #art #painting #paint #artwork #drawingâ€¦",deep meaning cry african woman colonial time dated 2011  ,Sat Feb 29 18:28:38 +0000 2020
,id,Original text,Clean text,create_at
0,1233821388697456640,"RT @KariJoys: Always leave a glitter trail of #Kindness... 

#JoyTrain #Joy #Love #Quote #MentalHealth #Mindfulness #GoldenHearts #IAM #IQRâ€¦",always leave glitter trail  ,Sat Feb 29 18:28:37 +0000 2020
,id,Original text,Clean text,create_at
0,1233821376307331073,"RT @solmullersch: Please #RT  my book, A Click That Changed My Life, TRUE STORY #IARTG She is in for the biggest surprise of her life #Loveâ€¦",please book click changed life true story biggest surprise life  ,Sat Feb 29 18:28:34 +0000 2020
,id,Original text,Clean text,create_at
0,1233821371848749056,"RT @joysooyoungpics: Still love this look on Joy. ğŸ˜ğŸ’š

#JOY #ì¡°ì´ #ë ˆë“œë²¨ë²³ #RedVelvet @RVsmtown https://t.co/T682fioC2a",still love look joy,Sat Feb 29 18:28:32 +0000 2020
,id,Original text,Clean text,create_at
0,1233821333005443072,"With our tips, you can carry out tasks to improve your relationship, show appreciation for your partner and maybe eâ€¦ https://t.co/DYn9Oev5vH",tip carry task improve relationship show appreciation partner maybe e ,Sat Feb 29 18:28:23 +0000 2020
,id,Original text,Clean text,create_at
0,1233821311824101376,"""Judge not, that ye be not judged."" ~Matthew 7:1 #Love #Bible #Jesus",`` judge ye judged '' ~matthew 71,Sat Feb 29 18:28:18 +0000 2020
,id,Original text,Clean text,create_at
0,1233821304379387904,"RT @PastorMattHagee: Today I am filled with joy because God is the strength of my life.

#strength #joy #life #qotd #quoteoftheday #totd #tâ€¦",today filled joy god strength life  ,Sat Feb 29 18:28:16 +0000 2020
,id,Original text,Clean text,create_at
0,1233821291653861377,#love #chubby Women's Luxury Crocodile Leather Handbag https://t.co/5ihObyHdIG,woman 's luxury crocodile leather handbag,Sat Feb 29 18:28:13 +0000 2020
,id,Original text,Clean text,create_at
0,1233821269377740800,"RT @statis_man: this kitten can choke with all the love he get ğŸ˜ğŸ˜ğŸ˜

#love #kiss #CatsOnTwitter #Kittens #catslife https://t.co/Ykgjlc9KsF",kitten choke love get,Sat Feb 29 18:28:08 +0000 2020
,id,Original text,Clean text,create_at
0,1233821261664575489,the perfect #lunch spot in #Saranda #Albania #albanian #visitalbania #saranda #vlora #travel #photography #natureâ€¦ https://t.co/Mb4AjivNMB,perfect spot  ,Sat Feb 29 18:28:06 +0000 2020
,id,Original text,Clean text,create_at
0,1233821255242878977,So many wonderful flowers to make me smile! #beautiful #flowers #joy #lovely #vacation #fun #blessed #gratefulâ€¦ https://t.co/QDr6Awh4Pu,many wonderful flower make smile  ,Sat Feb 29 18:28:05 +0000 2020
,id,Original text,Clean text,create_at
0,1233821223920001025,"Keep sharing

#love #music #pianocovers #guitarist #CoupleGoals #breakupsong #cover https://t.co/AklsdCxtaX",keep sharing,Sat Feb 29 18:27:57 +0000 2020
,id,Original text,Clean text,create_at
0,1233821219956428800,"Somebody found a comfy spot by @QuintinLoves feet. Haha. I #LOVE this kid - and my dog Rudy, too. ğŸ’šğŸ’œ https://t.co/PkXTmLlMv3",somebody found comfy spot foot haha kid dog rudy,Sat Feb 29 18:27:56 +0000 2020
,id,Original text,Clean text,create_at
0,1233821131003645952,"RT @LifeWithJohn: We don't have to be alike to be friends. We just have to care about each other. ~ #TrueFriends
#Love https://t.co/8ujIjKiâ€¦",alike friend care,Sat Feb 29 18:27:35 +0000 2020
,id,Original text,Clean text,create_at
0,1233821130219302913,"RT @Inahime_: ""There is no perfect love
There is no perfect couple
But there is complicity 
And patience
There is understanding 
And affectâ€¦",`` perfect love perfect couple complicity patience understanding affect ,Sat Feb 29 18:27:35 +0000 2020
,id,Original text,Clean text,create_at
0,1233821108178124800,RT @JenniferLMeyer: #Happy Post https://t.co/txx2t3prwT,post,Sat Feb 29 18:27:30 +0000 2020
,id,Original text,Clean text,create_at
0,1233821074959192064,I gave the Joy Award to @Chas10Buttigieg because he has brought so much Joy into all of our lives. He is truly theâ€¦ https://t.co/QB48XBdmsV,gave joy award brought much joy life truly the ,Sat Feb 29 18:27:22 +0000 2020
,id,Original text,Clean text,create_at
0,1233821071855538176,"How beautiful is that?

#babygirl #love https://t.co/dZzy1g1jRx",beautiful,Sat Feb 29 18:27:21 +0000 2020
,id,Original text,Clean text,create_at
0,1233821063924125696,"RT @Twittblaster: I do not wish to be light,
nor do I wish to be dark.
I wish to bloom mercilessly
in between. ~ R. Lazuli

#Twittblaster #â€¦",wish light wish dark wish bloom mercilessly r. lazuli  ,Sat Feb 29 18:27:19 +0000 2020
,id,Original text,Clean text,create_at
0,1233821050204557312,RT @Mr_OutaOrder: I felt the #love this morning especially when you have a stream with 50+ people watching and @itspoiison say #InOrderWeTrâ€¦,felt morning especially stream 50+ people watching say  ,Sat Feb 29 18:27:16 +0000 2020
,id,Original text,Clean text,create_at
0,1233820980902010880,"RT @Inahime_: ""Don't want perfect love
Want faithful and loyal love Because there are differences
But love always prevails!""

#love #coupleâ€¦",`` want perfect love want faithful loyal love difference love always prevails ''  ,Sat Feb 29 18:26:59 +0000 2020
,id,Original text,Clean text,create_at
0,1233820890896293888,"A hugely missed point in PE:

â€œFun is not how sugar relates to food. Fun is nutritiousâ€ -@JOYofthePEOPLE 

This isâ€¦ https://t.co/9ERXLAClim",hugely missed point pe   fun sugar relates food fun nutritious   is ,Sat Feb 29 18:26:38 +0000 2020
,id,Original text,Clean text,create_at
0,1233820885636829186,RT @KariJoys: True #Love is always beautiful! #JoyTrain #Joy #Love #Peace #BeLove  RT @Daniels14Lynne https://t.co/24Uqs1IJBm,true always beautiful rt,Sat Feb 29 18:26:37 +0000 2020
,id,Original text,Clean text,create_at
0,1233820830649339906,"Lets Dance Today!
1pm @evolutionnoho 
.
.
#dance #dancer #dancers #bailar #bailando #salsa #salsafootworkâ€¦ https://t.co/1NdZGsBN2u",let dance today 1pm  ,Sat Feb 29 18:26:23 +0000 2020
,id,Original text,Clean text,create_at
0,1233820825977049088,I am the best  #love #tagfire #photooftheday #20likes #amazing #takeoffpost #smile #follow4follow #like4likeâ€¦ https://t.co/QZcuNWcXIT,best  ,Sat Feb 29 18:26:22 +0000 2020
,id,Original text,Clean text,create_at
0,1233820809338052610,"""And why beholdest thou the mote that is in thy brother's eye, but considerest not the beam that is in thine own eyâ€¦ https://t.co/gkDMgIdjZN",`` beholdest thou mote thy brother 's eye considerest beam thine ey ,Sat Feb 29 18:26:18 +0000 2020
,id,Original text,Clean text,create_at
0,1233820806129606657,"We don't have to be alike to be friends. We just have to care about each other. ~ #TrueFriends
#Love https://t.co/8ujIjKiS7F",alike friend care,Sat Feb 29 18:26:18 +0000 2020
,id,Original text,Clean text,create_at
0,1233820649212301315,RT @DulleyTopBooks: May today be the DAY we ALL make the decision to take on #Christ #Jesus' sincere heart.May today be the DAY the Spiritâ€¦,may today day make decision take sincere heart.may today day spirit ,Sat Feb 29 18:25:40 +0000 2020
,id,Original text,Clean text,create_at
0,1233820554336993280,RT @thecrowdview: Love has a magic of its own. #love... https://t.co/us6qnaKigf via: https://t.co/ofSK8h6h5P,love magic via,Sat Feb 29 18:25:18 +0000 2020
,id,Original text,Clean text,create_at
0,1233820541213122562,"RT @darshan_h_sheth: Now say it loudğŸ“¢ğŸ”Š I am Joyful
#love  #me #cute #tbt #photooftheday #instamood #iphonesia #tweegram #picoftheday #igersâ€¦",say loud joyful  ,Sat Feb 29 18:25:14 +0000 2020
,id,Original text,Clean text,create_at
0,1233820516722642944,A beautiful duet ğŸ’•ğŸ’•â¤ï¸â¤ï¸ #love #duet #tdetyler #tde https://t.co/4M7zbwxKsC,beautiful duet  ,Sat Feb 29 18:25:09 +0000 2020
,id,Original text,Clean text,create_at
0,1233820508099137536,"Walk! Breathe! Enjoy! Life is good
#findingjoy #love #joy #happiness #grief #grieving #loss #healing #griefsupportâ€¦ https://t.co/wl3cDSgMNi",walk breathe enjoy life good  ,Sat Feb 29 18:25:07 +0000 2020
,id,Original text,Clean text,create_at
0,1233820496791318528,For the #love of #OccupationalTherapy - #instagood #Beauty #PhotooftheDay #TheTherapyInstitute #FrederickCovington https://t.co/j35L8a6Sfk,nan,Sat Feb 29 18:25:04 +0000 2020
,id,Original text,Clean text,create_at
0,1233820489006698496,"RT @YourVeganDr: I would like to wish all sentient beings a beautiful, joyful and blessed Saturday ğŸ™ğŸ’šâ¤ï¸ğŸŒˆ #peace #love #joy #compassion #GoVâ€¦",would like wish sentient being beautiful joyful blessed saturday    ,Sat Feb 29 18:25:02 +0000 2020
,id,Original text,Clean text,create_at
0,1233820473227644929,RT @WizzardOfTime: Bro Iâ€™m so happy you like it! This means the ğŸŒ to us! â¤ï¸ you man! #SupportSmallStreamers #Blessed #Art #Twitch #TwitchTvâ€¦,bro   happy like mean u   man  ,Sat Feb 29 18:24:58 +0000 2020
,id,Original text,Clean text,create_at
0,1233820420551241734,RT @payinmydues2u: It was 36 degrees this morning and the views were amazing over the Appalachian Mountains of Virginia! So glad to see somâ€¦,36 degree morning view amazing appalachian mountain virginia glad see som ,Sat Feb 29 18:24:46 +0000 2020
,id,Original text,Clean text,create_at
0,1233820400615927809,18K STREAMS SO FAR FOR COGNAC ARCADE ğŸ‘ğŸ½ğŸ¥³ğŸ¥ƒ KEEP DOIN IT UP PEOPLE ğŸ–¤ğŸ–¤ DOCUMENTARY DROPPING AT 20K ğŸ”¨ğŸ”¨ #LOVE https://t.co/KrvfhtxZDR,18k stream far cognac arcade   keep doin people documentary dropping 20k,Sat Feb 29 18:24:41 +0000 2020
,id,Original text,Clean text,create_at
0,1233820384400728069,"RT @_Hyperion4: Colors were meant to be mixed. 
Anthony T. Hincks   #quote   
#photo Hatice Korkmaz #lucerne #switzerland #autumn #love #coâ€¦",color meant mixed anthony t. hincks hatice korkmaz  ,Sat Feb 29 18:24:37 +0000 2020
,id,Original text,Clean text,create_at
0,1233820368814641152,"RT @StreetArtDream: ... like memories, like love... like cigarette smoke... that goes. #StreetArt #Art #Love #Smoke #Memories #Poetry #Grafâ€¦",like memory like love like cigarette smoke go  ,Sat Feb 29 18:24:33 +0000 2020
,id,Original text,Clean text,create_at
0,1233820361805856769,#God is #love for He and ONLY He has a sincere heart. May today be the DAY we ALL decide to take on the light of Hiâ€¦ https://t.co/iZXn5tIOC5,sincere heart may today day decide take light hi ,Sat Feb 29 18:24:32 +0000 2020
,id,Original text,Clean text,create_at
0,1233820342637907969,"@4UWell Most of the times.
People fall in love with their own ideas about others.
That is why it is called ""to fallâ€¦ https://t.co/OIZizb5I0V",time people fall love idea others called `` fall ,Sat Feb 29 18:24:27 +0000 2020
,id,Original text,Clean text,create_at
0,1233820325697093632,#love #baby Baby Girlâ€™s Summer Floral Printed Cotton Clothing Set https://t.co/wgtoqHPuz0 https://t.co/jyH2ymCDHx,baby girl   summer floral printed cotton clothing set,Sat Feb 29 18:24:23 +0000 2020
,id,Original text,Clean text,create_at
0,1233820318806003718,"Setting up our Safe Axe Throwing Lane! We come to your spot!ğŸ‰

BOOKING @ https://t.co/Msarh0et1S or call 8287029721â€¦ https://t.co/0RtfdMxvcR",setting safe axe throwing lane come spot booking call 8287029721 ,Sat Feb 29 18:24:21 +0000 2020
,id,Original text,Clean text,create_at
0,1233820212069388289,Husky Dog Hoodie #love #nature https://t.co/s8N7DWVzOd https://t.co/0BYAZxTzkQ,husky dog hoodie,Sat Feb 29 18:23:56 +0000 2020
,id,Original text,Clean text,create_at
0,1233820196038680582,"ğŸ’¬It is very easy to defeat someone, but it is very hard to win someone.- Abdul Kalam #motivation #love #success https://t.co/IyDAdmq3FT",easy defeat someone hard win someone.- abdul kalam,Sat Feb 29 18:23:52 +0000 2020
,id,Original text,Clean text,create_at
0,1233820149922267137,We can't all #live forever? The #drug #companies won't let us...https://t.co/WjkKEnZ9gY #goodread #happy #goodbook #bookclub,ca forever wo let u,Sat Feb 29 18:23:41 +0000 2020
,id,Original text,Clean text,create_at
0,1233820132218028032,I love to cook. Click below for easy recipes #QuickMeals #HomeCooking #Foodie #Love See more:â€¦ https://t.co/ZRUHtEtyHg,love cook click easy recipe see more ,Sat Feb 29 18:23:37 +0000 2020
,id,Original text,Clean text,create_at
0,1233820115021553664,"RT @MS_birdlady: Come celebrate #LOVE with 8 Fabulous #Romance #Authors! ğŸ¥°ğŸ’•ğŸ“š Enjoy #RomCom,  #ContemporaryRomance, &amp; more! Meet @authorjessâ€¦",come celebrate 8 fabulous   enjoy amp meet  ,Sat Feb 29 18:23:33 +0000 2020
,id,Original text,Clean text,create_at
0,1233820113452793857,Cute video at the end ğŸ¥°ğŸ¥°ğŸ¥° #momlife #daughter #baby #cute #love https://t.co/2FObci8XI7,cute video end  ,Sat Feb 29 18:23:32 +0000 2020
,id,Original text,Clean text,create_at
0,1233820062961803264,"RT @5REDVELVET: 200229 jonghyun_kim_photo Instagram update #JOY

* RCY Korea 2019 outtakes

#REDVELVET @RVsmtown
https://t.co/cgudYHI6lA htâ€¦",200229 jonghyun_kim_photo instagram update rcy korea 2019 outtake ht ,Sat Feb 29 18:23:20 +0000 2020
,id,Original text,Clean text,create_at
0,1233820022969110529,RT @EXDDesign: #Love #3Dprinting? 450+ of our #designs are available to download from @MyMiniFactory to #print for yourself. Stock up on #Sâ€¦,450+ available download stock  ,Sat Feb 29 18:23:11 +0000 2020
,id,Original text,Clean text,create_at
0,1233819964689260544,"RT @sasha_stana: ğ•±ğ–—ğ–ğ–Šğ–“ğ–‰ğ–˜ ğ–†ğ–—ğ–Š ğ–™ğ–ğ–Š ğ–•ğ–Šğ–”ğ–•ğ–‘ğ–Š ğ–œğ–ğ–” ğ–‰ğ–”ğ–“'ğ–™ ğ–†ğ–˜ğ– ğ–‹ğ–”ğ–— ğ–ğ–”ğ–šğ–— ğ–•ğ–†ğ–™ğ–, ğ–‡ğ–šğ–™ ğ–˜ğ–ğ–’ğ–•ğ–‘ğ– ğ–œğ–†ğ–‘ğ– ğ–ğ–™ ğ–œğ–ğ–™ğ– ğ–ğ–”ğ–š #true  #love  happy Saturday and dreat Dayâ€¦",                                  happy saturday dreat day ,Sat Feb 29 18:22:57 +0000 2020
,id,Original text,Clean text,create_at
0,1233819909462863872,Enjoy your weekend. #LOVE one another.  ğŸ’šğŸ’œ,enjoy weekend one another,Sat Feb 29 18:22:44 +0000 2020
,id,Original text,Clean text,create_at
0,1233819906400870400,"There is so much beauty in this world, and so much pain. Embrace both, because we cannot have one without the otherâ€¦ https://t.co/FC0I2WOkVK",much beauty world much pain embrace one without other ,Sat Feb 29 18:22:43 +0000 2020
,id,Original text,Clean text,create_at
0,1233819865926000643,RT @cashewcutlet: Keep your hate. We will keep building love. #love #ShaheenBagh #bilalbagh #bengaluru #bangalore #peace #resist  @Bengalurâ€¦,keep hate keep building love  ,Sat Feb 29 18:22:33 +0000 2020
,id,Original text,Clean text,create_at
0,1233819811978895364,"Pasta, wine &amp; family time #happy",pasta wine amp family time,Sat Feb 29 18:22:21 +0000 2020
,id,Original text,Clean text,create_at
0,1233819768412655617,"RT @_SarahEastwood: What a difference a week makes! 
3 feature film auditions, 1 callback &amp; 1 short film offer! ğŸ’ƒğŸ’ƒğŸ¬
Sending #love #light #sâ€¦",difference week make 3 feature film audition 1 callback amp 1 short film offer sending  ,Sat Feb 29 18:22:10 +0000 2020
,id,Original text,Clean text,create_at
0,1233819758186897413,"RT @gede_prama: Healing anger is the most important chapter in the book of peace  #Bali #Love #Peace
Photo courtesy: Unsplash https://t.co/â€¦",healing anger important chapter book peace photo courtesy unsplash,Sat Feb 29 18:22:08 +0000 2020
,id,Original text,Clean text,create_at
0,1233819748049334277,I felt the #love this morning especially when you have a stream with 50+ people watching and @itspoiison sayâ€¦ https://t.co/TE9ItIbmwe,felt morning especially stream 50+ people watching say ,Sat Feb 29 18:22:05 +0000 2020
,id,Original text,Clean text,create_at
0,1233819711860826118,"BATMAN/DEATHSTROKE :REVISITED
.
https://t.co/OsQ2Iwka4p
.
#art #artist #drawing #artwork #love #ComicArt #paintingâ€¦ https://t.co/bLg9wN5BbB",batman/deathstroke revisited  ,Sat Feb 29 18:21:57 +0000 2020
,id,Original text,Clean text,create_at
0,1233819690335535104,May today be the DAY we ALL make the decision to take on #Christ #Jesus' sincere heart.May today be the DAY the Spiâ€¦ https://t.co/Y7QiMRJBxE,may today day make decision take sincere heart.may today day spi ,Sat Feb 29 18:21:52 +0000 2020
,id,Original text,Clean text,create_at
0,1233819667854249987,RT @DoriCreates: There is #joy within you. Think of past events that help bring #Joy in to your current moments.  â£ï¸ğŸŒ¹ğŸ’ Let that feeling bubâ€¦,within think past event help bring current moment   let feeling bub ,Sat Feb 29 18:21:46 +0000 2020
,id,Original text,Clean text,create_at
0,1233819642642214912,Lil 16 out of nowhere ğŸ¶ğŸ¶ #music #challenge #freestyle #world #love #family https://t.co/i7LrvxYFWy,lil 16 nowhere,Sat Feb 29 18:21:40 +0000 2020
,id,Original text,Clean text,create_at
0,1233819638598782976,"RT @joysstyles_: 200213 #JOY Instagram Update âœ¨ğŸ’š

#joysstyles_yournamehere suit &amp; skirt â‚© 140,000 &amp; â‚© 78,000
#joysstyles_maxmara Icon Coatâ€¦","200213 instagram update suit amp skirt   140,0 amp   78,0 icon coat ",Sat Feb 29 18:21:39 +0000 2020
,id,Original text,Clean text,create_at
0,1233819591987617792,"RT @artbrunav: I don't need a reason
 Not sorry, I want your stupid love â™¥

#ladygaga #stupidlove #fanart #love #illustration #draw #CARTEBâ€¦",need reason sorry want stupid love  ,Sat Feb 29 18:21:28 +0000 2020
,id,Original text,Clean text,create_at
0,1233819551520845825,"Those who achieve greatness, do so, because they do not stay inside their comfort zone.

#fear #pain #lossâ€¦ https://t.co/7bHp7t7IWA",achieve greatness stay inside comfort zone  ,Sat Feb 29 18:21:18 +0000 2020
,id,Original text,Clean text,create_at
0,1233819521275662336,What brings you joy? #vulnerability #joy #brenebrown https://t.co/sVn02r2k0M,brings joy,Sat Feb 29 18:21:11 +0000 2020
,id,Original text,Clean text,create_at
0,1233819477042589697,RT @nuascannan: D. Mitry's MY TRUE FAIRYTALE #teen #driver #safety #tragedy #dream #superhero #grief #love #indiefilm #nuascannan https://tâ€¦,d. mitry 's true fairytale,Sat Feb 29 18:21:01 +0000 2020
,id,Original text,Clean text,create_at
0,1233819476539383809,"RT @PLKlein_Author: ""Life laughs at you when you are unhappy. Life smiles at you when you are happy. But life salutes you when you make othâ€¦",`` life laugh unhappy life smile happy life salute make oth ,Sat Feb 29 18:21:01 +0000 2020
,id,Original text,Clean text,create_at
0,1233819444234686464,"RT @AARCS_Canada: Amazing what a little #love can do... and sweet Nona is feeling itğŸ’š. Her mange is being treated, as are those overgrown câ€¦",amazing little sweet nona feeling mange treated overgrown c ,Sat Feb 29 18:20:53 +0000 2020
,id,Original text,Clean text,create_at
0,1233819379713769472,"RT @BoldenDominica: Sale time! Pick yours up for $0.99 today! https://t.co/lg6CupTNrA
#scifi #romance #Aliens #readingcommunity #love #Writâ€¦",sale time pick 0.99 today  ,Sat Feb 29 18:20:38 +0000 2020
,id,Original text,Clean text,create_at
0,1233819318472921089,"RT @GloryRealmsMin: The joy isn't fake, neither is it forced...
It is super realllllllll!!!!!!

Experience joy with us this Sunday at Gloryâ€¦",joy fake neither forced super real experience joy u sunday glory ,Sat Feb 29 18:20:23 +0000 2020
,id,Original text,Clean text,create_at
0,1233819292875051013,"RT @MamaForChange: ğŸ“ fun Bernie fact 

âšªBernie Supports,
publicly funded art programs
âšªthank you, Bernie ğŸ™ğŸ¼ğŸ’›ğŸ™ğŸ½

Vote for #BernieSandersğŸŒ¹â˜®â€¦",fun bernie fact bernie support publicly funded art program thank bernie vote  ,Sat Feb 29 18:20:17 +0000 2020
,id,Original text,Clean text,create_at
0,1233819251741511681,"This is one of the last snowings for this winter... But better than nothing, right?

#snow #evening #love #LÃ˜VÃ‹â€¦ https://t.co/nuwrLEsWj9",one last snowings winter better nothing right  ,Sat Feb 29 18:20:07 +0000 2020
,id,Original text,Clean text,create_at
0,1233819247358304256,"RT @wisdomfanatic: ""A child can teach an adult three things: to be #happy for no reason, to always be busy with something, and to know howâ€¦",`` child teach adult three thing reason always busy something know how ,Sat Feb 29 18:20:06 +0000 2020
,id,Original text,Clean text,create_at
0,1233819228358291456,"New! @kenrp713's #inspirational story of how to overcome obstacles and achieve #success... 
https://t.co/yXfnNlYEygâ€¦ https://t.co/Uywle5IoXO",new 's story overcome obstacle achieve,Sat Feb 29 18:20:01 +0000 2020
,id,Original text,Clean text,create_at
0,1233819110863253506,"RT @TheUHMethod: For a lifetime
   Love has been guiding me

On the path to your heart

#Love  ğŸŒ¹
#micropoetry https://t.co/qfB9RyXCBJ",lifetime love guiding path heart,Sat Feb 29 18:19:33 +0000 2020
,id,Original text,Clean text,create_at
0,1233819096984227843,"""Life laughs at you when you are unhappy. Life smiles at you when you are happy. But life salutes you when you makeâ€¦ https://t.co/tLSWpG1tOt",`` life laugh unhappy life smile happy life salute make ,Sat Feb 29 18:19:30 +0000 2020
,id,Original text,Clean text,create_at
0,1233819090738769921,"RT @memorycollage: Thank you Diana for giving us permission to share your beautiful #collage of Mario ğŸ¶

https://t.co/1ygfANWhqD

#crufts #â€¦",thank diana giving u permission share beautiful mario  ,Sat Feb 29 18:19:29 +0000 2020
,id,Original text,Clean text,create_at
0,1233819019230224389,"""You don't love someone for their looks, or their clothes, or for their fancy car, but because they sing a song onlâ€¦ https://t.co/TBBn3n5BIE",`` love someone look clothes fancy car sing song onl ,Sat Feb 29 18:19:12 +0000 2020
,id,Original text,Clean text,create_at
0,1233818999294775298,"Today Iâ€™m thankful for restorative yoga, bachata AND REGGAETÃ“N ğŸ™„ ğŸ˜‚ music, Costco (again and again), my peace, goodâ€¦ https://t.co/nviCzKRf7v",today   thankful restorative yoga bachata reggaet n music costco peace good ,Sat Feb 29 18:19:07 +0000 2020
,id,Original text,Clean text,create_at
0,1233818996740435970,#happy #instalike New Cotton Double Gauze Ruffle Sleeve Romper Jumpsuits For Newborns Baby Toddlers Infantâ€¦ https://t.co/XElrZ8qI9q,new cotton double gauze ruffle sleeve romper jumpsuit newborn baby toddler infant ,Sat Feb 29 18:19:06 +0000 2020
,id,Original text,Clean text,create_at
0,1233818969640882176,"RT @sweetdivya23: I #love â¤ those who can #smile in #trouble..ğŸ™

#RashamiansLoveRashami",..,Sat Feb 29 18:19:00 +0000 2020
,id,Original text,Clean text,create_at
0,1233818962166714369,"RT @KariJoys: #Love grows when #Kindness is planted... 

#JoyTrain #Joy #Quote #MentalHealth #Mindfulness #GoldenHearts #IAM #IQRTG #Chooseâ€¦",grows planted  ,Sat Feb 29 18:18:58 +0000 2020
,id,Original text,Clean text,create_at
0,1233818875701219331,"RT @FtLauderdaleMag: Walking into the weekend like... ğŸŒŠ 
#goodmorning #fortlauderdale #morning #coffee #southflorida #florida #february #wiâ€¦",walking weekend like  ,Sat Feb 29 18:18:37 +0000 2020
,id,Original text,Clean text,create_at
0,1233818875516588032,RT @Blkandproud365: Sojourner Truth. Born a slave named Isabella Baumfree. Gained freedom &amp; fought 4 the freedom of others. #Legacy #Love hâ€¦,sojourner truth born slave named isabella baumfree gained freedom amp fought 4 freedom others h ,Sat Feb 29 18:18:37 +0000 2020
,id,Original text,Clean text,create_at
0,1233818869661392896,"RT @FridayKaren: If we separate truth and love, we lose the core message of the gospel.

#truth #love https://t.co/zfr2teNjHF via @FridayKaâ€¦",separate truth love lose core message gospel via  ,Sat Feb 29 18:18:36 +0000 2020
,id,Original text,Clean text,create_at
0,1233818829551230982,"RT @illvybz: CONTENT
.
#beats #newmusic #beatmaker #explore #rap #trapmusic #music #soundcloudrapper #trapsoul #beatforsale #soundcloud #exâ€¦",content  ,Sat Feb 29 18:18:26 +0000 2020
,id,Original text,Clean text,create_at
0,1233818825130377218,"RT @SevenShepherd: ""Even so every good tree bringeth forth good fruit; but a corrupt tree bringeth forth evil fruit."" ~Matthew 7:17 #Bibleâ€¦",`` even every good tree bringeth forth good fruit corrupt tree bringeth forth evil fruit '' ~matthew 717  ,Sat Feb 29 18:18:25 +0000 2020
,id,Original text,Clean text,create_at
0,1233818823909920773,"I #love â¤ those who can #smile in #trouble..ğŸ™

#RashamiansLoveRashami",..,Sat Feb 29 18:18:25 +0000 2020
,id,Original text,Clean text,create_at
0,1233818798538608648,"Romantic Sunsets ğŸ˜ğŸ˜ğŸ˜ğŸ˜
.
.
.
.
.
#love #romance #sunset #lifestyle #marbella #spain #luxuryliving #luxuryhomesâ€¦ https://t.co/1sRWTHubbL",romantic sunset  ,Sat Feb 29 18:18:19 +0000 2020
,id,Original text,Clean text,create_at
0,1233818634230910976,"RT @statis_man: choose between going to work and staying in bed with this lovely cute kitten ? my choice is quickly made

#catstagram #kittâ€¦",choose going work staying bed lovely cute kitten choice quickly made  ,Sat Feb 29 18:17:40 +0000 2020
,id,Original text,Clean text,create_at
0,1233818629315137537,"Only Jesus Christ can fill that void &amp; emptiness you feel on the inside. With Him, every achievement then becomes wâ€¦ https://t.co/ZgC3FFBvyp",jesus christ fill void amp emptiness feel inside every achievement becomes w ,Sat Feb 29 18:17:39 +0000 2020
,id,Original text,Clean text,create_at
0,1233818612135342080,People would #LOVE to come out this afternoon and see otherâ€™s but otherâ€™s donâ€™t want to see people! #FPL ğŸ˜­ğŸ˜­ğŸ˜­â˜ ï¸â˜ ï¸â˜ ï¸,people would come afternoon see       want see people  ,Sat Feb 29 18:17:35 +0000 2020
,id,Original text,Clean text,create_at
0,1233818538323914752,#live #laugh #love that sleep hit different after a 14 hour #shift https://t.co/Ruu0mFoUG5,sleep hit different 14 hour,Sat Feb 29 18:17:17 +0000 2020
,id,Original text,Clean text,create_at
0,1233818531269050368,The greatest peace comes from a content heart. #peace #love #life #Happiness #content #spiritualawakening https://t.co/mvZdtme1Hk,greatest peace come content heart,Sat Feb 29 18:17:15 +0000 2020
,id,Original text,Clean text,create_at
0,1233818516207390720,Did I mention my â¤ï¸ for dance? Dancing &amp; Celebrating my nieceâ€™s birthday! #dance #music #love #salsa #bachataâ€¦ https://t.co/8hIG8NP5e8,mention   dance dancing amp celebrating niece   birthday  ,Sat Feb 29 18:17:12 +0000 2020
,id,Original text,Clean text,create_at
0,1233818484481708033,"RT @AngieFletcher: President Trump has a way through Gods grace and endearing love that draws people to him.
@POTUS @realDonaldTrump #Loveâ€¦",president trump way god grace endearing love draw people  ,Sat Feb 29 18:17:04 +0000 2020
,id,Original text,Clean text,create_at
0,1233818471470915592,Need coffee? Try our Mexican Organic Coffee available in Amazon ğŸ‘‡ğŸ»ğŸ‘‡ğŸ»ğŸ‘‡ğŸ»https://t.co/xqWdwVOMQU #coffee #cafeâ€¦ https://t.co/OJ0Qchl94k,need coffee try mexican organic coffee available amazon  ,Sat Feb 29 18:17:01 +0000 2020
,id,Original text,Clean text,create_at
0,1233818402189238273,"RT @joysooyoungpics: The ""Handsome Tigers"" PD, coach, and players have mentioned how Joy provides a lot of support and an important presencâ€¦",`` handsome tiger '' pd coach player mentioned joy provides lot support important presenc ,Sat Feb 29 18:16:44 +0000 2020
,id,Original text,Clean text,create_at
0,1233818387274334208,@sushant_says We will have to use all the #love #compassion #empathy to be #united against hate,use hate,Sat Feb 29 18:16:41 +0000 2020
,id,Original text,Clean text,create_at
0,1233818345134100480,"RT @5REDVELVET: [OFFICIAL] 200301 #JOY Instagram Story update

#REDVELVET @RVsmtown https://t.co/6Lz25etwVW",official 200301 instagram story update,Sat Feb 29 18:16:31 +0000 2020
,id,Original text,Clean text,create_at
0,1233818313861586944,Natural Pet Food Made in USA: The Ultimate Source List - https://t.co/kRTBagLhAN #dogs #cats #love #MadeinUSA https://t.co/Ya7KA6aqiy,natural pet food made usa ultimate source list,Sat Feb 29 18:16:23 +0000 2020
,id,Original text,Clean text,create_at
0,1233818272329535488,"RT @Makeupbyyolondo: Get Ready Dolls March 6,2020 #makeup #beauty #makeupartist #mua #fashion #makeuptutorial #love #like #skincare #photogâ€¦","get ready doll march 6,2020  ",Sat Feb 29 18:16:14 +0000 2020
,id,Original text,Clean text,create_at
0,1233818254315053057,Believing is powerful â€“ it shapes your PURRspective! What my #coffee says Feb 29 #coffeelovers #kittenâ€¦ https://t.co/PEQBevTIKy,believing powerful   shape purrspective say feb 29  ,Sat Feb 29 18:16:09 +0000 2020
,id,Original text,Clean text,create_at
0,1233818223289786368,RT @stanwawrinka: Thank you for always showing love and support ! Acapulco te tengo en mi corazÃ³n ğŸ™ğŸ»ğŸ‡²ğŸ‡½â¤ï¸ #acapulco #love #support #graciasâ€¦,thank always showing love support acapulco te tengo en mi coraz n    ,Sat Feb 29 18:16:02 +0000 2020
,id,Original text,Clean text,create_at
0,1233818199474475008,"RT @Joan_Kappes: Love. Just Love in your own unique way
#IAMChoosingLove #IDWP #LUTL #Love #FridayFeeling #joytrain #successtrain https://tâ€¦",love love unique way,Sat Feb 29 18:15:56 +0000 2020
,id,Original text,Clean text,create_at
0,1233818152720617472,"RT @AmbassadorAries: Happy #Caturday I needed help up onto this log, but I love this vantage point. Enjoy your day! â¤ï¸â¤ï¸â¤ï¸ #cats #cat #catsâ€¦",happy needed help onto log love vantage point enjoy day    ,Sat Feb 29 18:15:45 +0000 2020
,id,Original text,Clean text,create_at
0,1233818150824816642,RT @TheSageGoddess: Rose #quartz is the mother of all love stones and itâ€™s one of my favorites for heart healing and manifesting all kindsâ€¦,rose mother love stone   one favorite heart healing manifesting kinds ,Sat Feb 29 18:15:45 +0000 2020
,id,Original text,Clean text,create_at
0,1233818126053249031,RT @mhanorthshore: #Love this focus on #TEACHers' #selfcare and #mentalhealth https://t.co/klErKo6dVp,focus,Sat Feb 29 18:15:39 +0000 2020
,id,Original text,Clean text,create_at
0,1233818111817719812,I am truly husky lover!!!!!!!! #salma #benamer #HOSKOS #love #lucky #huskies #true #husky #lover #huskypup https://t.co/r7e7sst3Ir,truly husky lover,Sat Feb 29 18:15:35 +0000 2020
,id,Original text,Clean text,create_at
0,1233818101654982656,RT @BrandofSexy: Is it OK to take your time to fall in love? Read more: https://t.co/rL9ZmMgjYO #love #date #datingcoach #datingadvice #datâ€¦,ok take time fall love read  ,Sat Feb 29 18:15:33 +0000 2020
,id,Original text,Clean text,create_at
0,1233818030112563201,"RT @5REDVELVET: [OFFICIAL] 200220 #JOY Instagram updates

#REDVELVET @RVsmtown 
(deleted) https://t.co/pFtzLfiYY4",official 200220 instagram update deleted,Sat Feb 29 18:15:16 +0000 2020
,id,Original text,Clean text,create_at
0,1233818009908715527,"RT @bestfriends: #SweetMoments: King Pin, sweet senior boy with FIV loves nothing more than a good loving head butt. Looks like Everly loveâ€¦",king pin sweet senior boy fiv love nothing good loving head butt look like everly love ,Sat Feb 29 18:15:11 +0000 2020
,id,Original text,Clean text,create_at
0,1233818001201401858,"Whatever I write on here I make sure I tell people.  It is important to let people know you #love them.  

I will always do that.  ğŸ˜˜â¤",whatever write make sure tell people important let people know always,Sat Feb 29 18:15:09 +0000 2020
,id,Original text,Clean text,create_at
0,1233817985791471617,For the #love of #OccupationalTherapy - #instagood #Beauty #PhotooftheDay #TheTherapyInstitute #FrederickCovington https://t.co/A4wEFdy43Z,nan,Sat Feb 29 18:15:05 +0000 2020
,id,Original text,Clean text,create_at
0,1233817980657635329,"RT @AdnanSamiLive: I apeal to everyone with folded hands that let there be #PEACE PLEASE!!ğŸ™ğŸ™ğŸ’”â¤ï¸ğŸ’”â¤ï¸

#DelhiViolence #Delhi #HumanityFirst #Câ€¦",apeal everyone folded hand let please    ,Sat Feb 29 18:15:04 +0000 2020
,id,Original text,Clean text,create_at
0,1233817951201042433,"Garden beauty ğŸ’–
#garden #gardenbeauty #ilovemygarden #green #love #soul #divine #daisy #gÃ¤nseblÃ¼mchen #flowerâ€¦ https://t.co/YpDqw5lhwi",garden beauty  ,Sat Feb 29 18:14:57 +0000 2020
,id,Original text,Clean text,create_at
0,1233817864618102786,"Os beautiful 
I love this persons
They're so wonderful
#WOOSAN 
#WOOYOUNG and #CHOISAN 
#Ateez #KPOP 
#love https://t.co/YX8KtECyGn",o beautiful love person 're wonderful,Sat Feb 29 18:14:36 +0000 2020
,id,Original text,Clean text,create_at
0,1233817793411239937,RT @Miliana_CongDuc: Do you like it? I love... #Tiktok #Twitter #Love #shoesdaytuesday #wolves https://t.co/IquINtva4k,like love,Sat Feb 29 18:14:19 +0000 2020
,id,Original text,Clean text,create_at
0,1233817774398402560,Have pot of tea; settled into sunny spot to write ğŸ˜Œ #happy,pot tea settled sunny spot write,Sat Feb 29 18:14:15 +0000 2020
,id,Original text,Clean text,create_at
0,1233817766773379073,RT @JaanaUolamo: #Love comes back to you â¤ https://t.co/NNYxZW4a6U,come back,Sat Feb 29 18:14:13 +0000 2020
,id,Original text,Clean text,create_at
0,1233817706874322944,Do you like it? I love... #Tiktok #Twitter #Love #shoesdaytuesday #wolves https://t.co/IquINtva4k,like love,Sat Feb 29 18:13:59 +0000 2020
,id,Original text,Clean text,create_at
0,1233817691192012803,"During one of Jesus' famous prayers, He shares an interesting idea, and it is one that could confuse those readingâ€¦ https://t.co/z4YAzSkH5U",one jesus famous prayer share interesting idea one could confuse reading ,Sat Feb 29 18:13:55 +0000 2020
,id,Original text,Clean text,create_at
0,1233817666198044672,"RT @vankapro: LğŸ‘€K at this.....ğŸ˜
Human #kindness and #loveâ¤
#marinelife ğŸŒŠ
VankaProâ˜€ï¸ğŸŒŠğŸŒŠğŸŒŠ",lk human vankapro ,Sat Feb 29 18:13:49 +0000 2020
,id,Original text,Clean text,create_at
0,1233817641162346498,"RT @Suzanna_danna: Happy Earth Day 2020
Hug a tree and a pot of gold
will be at the end of your rainbow . . .
*Â¨*â™«â€¢*Â¨*â€¢.Â¸Â¸â™ªğŸŒˆğŸŒ³ğŸŒ´â™ªâ™ªğ„¢â™«â€¢*Â¨*â™«
#Eaâ€¦",happy earth day 2020 hug tree pot gold end rainbow * * * * . * *  ,Sat Feb 29 18:13:43 +0000 2020
,id,Original text,Clean text,create_at
0,1233817624599023619,"RT @oscarvigoyafm: Emocionarse tambiÃ©n por la felicidad de otro, Â¡me encanta!
.
Getting exited because of  someone else's happiness, that'sâ€¦",emocionarse tambi n por la felicidad de otro  me encanta getting exited someone else 's happiness that's ,Sat Feb 29 18:13:39 +0000 2020
,id,Original text,Clean text,create_at
0,1233817566268645376,RT @IsntDaveOne: ğŸ™‚ â˜®ï¸ ğŸŒ¸ ğŸ’Ÿ ğŸ’« Wishing all the world a wonderful weekend! #Love #Blessings #Happiness #Peace https://t.co/zcIyLCtfVE,  wishing world wonderful weekend,Sat Feb 29 18:13:25 +0000 2020
,id,Original text,Clean text,create_at
0,1233817564469313536,"No Buses - Pretty Old Man (Official Video) https://t.co/n6GQDBuJ8L @YouTubeã‚ˆã‚Š
#mucic #ãŸã‚Œã¿ã‚… #nowplaying #love",bus pretty old man official video,Sat Feb 29 18:13:25 +0000 2020
,id,Original text,Clean text,create_at
0,1233817538678620161,"RT @AngelaMariabs20: Beautiful butterfly ğŸ˜ğŸ˜ğŸ¥°ğŸ¦‹
#butterfly #love #9Vaga_Butterfly9

(9vaga_butterfly9 ig) https://t.co/C31VSM0LGH",beautiful butterfly   9vaga_butterfly9 ig,Sat Feb 29 18:13:19 +0000 2020
,id,Original text,Clean text,create_at
0,1233817535973294082,Happy Saturday! #love #marriage #inspiration #motivation #saturday https://t.co/8Rkcs5o0Vi,happy saturday,Sat Feb 29 18:13:18 +0000 2020
,id,Original text,Clean text,create_at
0,1233817533649690625,#Love this focus on #TEACHers' #selfcare and #mentalhealth https://t.co/klErKo6dVp,focus,Sat Feb 29 18:13:17 +0000 2020
,id,Original text,Clean text,create_at
0,1233817525609209856,"Love embroiders 
Tapestry of your soul

#Love   ğŸŒ¹
#SixWords âœï¸ https://t.co/clNSWE1BFj",love embroiders tapestry soul  ,Sat Feb 29 18:13:15 +0000 2020
,id,Original text,Clean text,create_at
0,1233817494680268800,"""Even so every good tree bringeth forth good fruit; but a corrupt tree bringeth forth evil fruit."" ~Matthew 7:17 #Bible #Jesus #Love",`` even every good tree bringeth forth good fruit corrupt tree bringeth forth evil fruit '' ~matthew 717,Sat Feb 29 18:13:08 +0000 2020
,id,Original text,Clean text,create_at
0,1233817487709356032,RT @TrainingMindful: â€œThe Healing Power of a Meditation Groupâ€ https://t.co/Y59NIDDh39 mindfulness #healing #love,  healing power meditation group   mindfulness,Sat Feb 29 18:13:06 +0000 2020
,id,Original text,Clean text,create_at
0,1233817480860229633,"RT @AliceMay_Author: Sharing a happy video for a Saturday afternoon. 
This is me, painting a colourful giraffe called Geraldine. :-) 
httpsâ€¦",sharing happy video saturday afternoon painting colourful giraffe called geraldine https ,Sat Feb 29 18:13:05 +0000 2020
,id,Original text,Clean text,create_at
0,1233817462468116482,"Garden beauty ğŸ’–
#garden #gardenbeauty #ilovemygarden #purple #lila #blooming #blÃ¼hen #flower #natureâ€¦ https://t.co/tIKCL02cFw",garden beauty  ,Sat Feb 29 18:13:00 +0000 2020
,id,Original text,Clean text,create_at
0,1233817460387786752,RT @JlcFusion: Excited to share this item from my #etsy shop: Vintage D&amp;E Delizza and Elster Gold Plated 'JULIANA' Bracelet With Fire Opalâ€¦,excited share item shop vintage amp e delizza elster gold plated 'juliana bracelet fire opal ,Sat Feb 29 18:13:00 +0000 2020
,id,Original text,Clean text,create_at
0,1233817459607531520,"House of Secrets

Can secrets of the past, save lives in the future?

 https://t.co/JMQDPkKkrk 

#weekendvibesâ€¦ https://t.co/nmlKr5V4iI",house secret secret past save life future  ,Sat Feb 29 18:13:00 +0000 2020
,id,Original text,Clean text,create_at
0,1233817454092021761,"#Christ #Jesus...my only strength, my only hope, my only #LOVE today, tomorrow, and forever going forward...#Prayer",.my strength hope today tomorrow forever going forward,Sat Feb 29 18:12:58 +0000 2020
,id,Original text,Clean text,create_at
0,1233817407078240256,RT @CONTEMPRA_INN: Open Hearts ğŸ’ğŸ’ #Love and #Kindness via @eli__097 @CONTEMPRA_INN ğŸŒ¹,open heart via,Sat Feb 29 18:12:47 +0000 2020
,id,Original text,Clean text,create_at
0,1233817382893883392,RT @GamerAhmer: Loving this new room! ğŸ˜ #pc #pcbuild #pcsetup #love #computer #pcgaming #rgb #pcmasterrace #corsair #icue #gamingsetup #gamâ€¦,loving new room  ,Sat Feb 29 18:12:41 +0000 2020
,id,Original text,Clean text,create_at
0,1233817292980416512,"RT @drwilliams7777: ""I #love #people.  When you're engaged with #society and trying to make it a better society, you're an #optimist."" 
-Geâ€¦",`` 're engaged trying make better society 're '' -ge ,Sat Feb 29 18:12:20 +0000 2020
,id,Original text,Clean text,create_at
0,1233817261615570945,"RT @Solid_Believer: ğŸ¥°
Life lesson .
Me to all ğŸ¦‹
Me to me
Try to not treat people as bad as they are.
But treat them as good as you are. ğŸ‘Œ.â€¦",  life lesson   try treat people bad treat good . ,Sat Feb 29 18:12:13 +0000 2020
,id,Original text,Clean text,create_at
0,1233817251465383936,This is an excellent and informative thread on Coronavirus. Please retweet. #Glad we have a scientist as our congreâ€¦ https://t.co/SyQXbI64rI,excellent informative thread coronavirus please retweet scientist congre ,Sat Feb 29 18:12:10 +0000 2020
,id,Original text,Clean text,create_at
0,1233817165700227075,"RT @DonDota1: Discover Love Lives In Delaware T-Shirt from DonDota, a custom product made just for you by Teespring.
https://t.co/uZx44dUXWâ€¦",discover love life delaware t-shirt dondota custom product made teespring,Sat Feb 29 18:11:50 +0000 2020
,id,Original text,Clean text,create_at
0,1233817128442236928,Did you Know His #love is never ending! https://t.co/KZtWyQhqqo  #Jesus #inspiration https://t.co/ipSX47EPrs #follow,know never ending,Sat Feb 29 18:11:41 +0000 2020
,id,Original text,Clean text,create_at
0,1233817098859581440,"RT @i_m_jiya: #Love doesnâ€™t happen whenever you want it to happen.
It happens in the least expected moments &amp; with the most unexpected persâ€¦",  happen whenever want happen happens least expected moment amp unexpected pers ,Sat Feb 29 18:11:34 +0000 2020
,id,Original text,Clean text,create_at
0,1233816969138331648,"RT @futurized: â†“Â¯â†“â†“Â¯Â¯Â¯Â¯Â¯â†“Â¯Â¯Â¯Â¯Â¯Â¯Â¯Â¯â†“
UNIÂ¯Â¯Â¯Â¯Â¯TÂ¯Â¯Â¯Â¯Â¯Â¯Â¯Â¯Y

INSPIRED BY THE TRAITS OF HUMANITY

lsleofskye:Mikumi National Park

#love #art #beaâ€¦",  uni t y inspired trait humanity lsleofskyemikumi national park  ,Sat Feb 29 18:11:03 +0000 2020
,id,Original text,Clean text,create_at
0,1233816946178764801,"Beautiful moments in life! Cherish them, love them and handle them with care! #couplegoals #beautifulcouple #loveâ€¦ https://t.co/TlLwR5lIRw",beautiful moment life cherish love handle care  ,Sat Feb 29 18:10:57 +0000 2020
,id,Original text,Clean text,create_at
0,1233816936674418689,Happy Birthday Dr. Seuss! Guest Advocate Caity is having a blast reading to all of our eager guests! #JOYâ€¦ https://t.co/OxjlHdrySq,happy birthday dr. seuss guest advocate caity blast reading eager guest  ,Sat Feb 29 18:10:55 +0000 2020
,id,Original text,Clean text,create_at
0,1233816906911506433,"Our commitment to Our Lord, Our #God is complete once we have taken on His sincere heart...His HEART of eternalâ€¦ https://t.co/G4rocrfs8w",commitment lord complete taken sincere heart.his heart eternal ,Sat Feb 29 18:10:48 +0000 2020
,id,Original text,Clean text,create_at
0,1233816853589483520,"RT @matwilson1989: This is true ğŸµğŸš—
.
.
#therapy #mentalhealth #selfcare #anxiety #love #mentalhealthawareness #healing #health #psychologyâ€¦",true  ,Sat Feb 29 18:10:35 +0000 2020
,id,Original text,Clean text,create_at
0,1233816849424560128,"RT @jesustomyrescue: HAVE A BLESSED WEEK!

#thoughtfortheweek #motivation #handiwork #love #jtmr #jtmrministries #jesustomyrescue https://tâ€¦",blessed week,Sat Feb 29 18:10:34 +0000 2020
,id,Original text,Clean text,create_at
0,1233816845716729861,"RT @Charlottestarbt: #Loveâ¤ï¸âœ¨

Thinking about the divine 
on the ocean waterâ€™s edge
a place to worship
no need to be confined
to catherdralâ€¦",  thinking divine ocean water   edge place worship need confined catherdral ,Sat Feb 29 18:10:33 +0000 2020
,id,Original text,Clean text,create_at
0,1233816815899488257,"My Sat. #joy: After the choir at #church last #Sunday led us in this round, it was in my head &amp; #heart all week. Aâ€¦ https://t.co/XVat4BxalI",sat choir last led u round head amp week a ,Sat Feb 29 18:10:26 +0000 2020
,id,Original text,Clean text,create_at
0,1233816749272969217,"ğŸ’—It's 29th Feb! Ladies do you have your marriage proposals ready? ğŸ˜‰

ğŸŒ¸If he says yes then how about a honeymoon onâ€¦ https://t.co/5sX1FaF8qP",'s 29th feb lady marriage proposal ready say yes honeymoon on ,Sat Feb 29 18:10:10 +0000 2020
,id,Original text,Clean text,create_at
0,1233816707971665926,"Thank God for Your True Friends!! They are Priceless!! You know who you are!! ğŸ˜„ğŸ¤—ğŸ¤—ğŸ¤—ğŸ¤—ğŸ¥°ğŸ˜ŠğŸ˜†ğŸ˜†ğŸ˜†ğŸ˜ğŸ˜ğŸ˜
#friends #bestfriendsâ€¦ https://t.co/RhqLrM2BGR",thank god true friend priceless know    ,Sat Feb 29 18:10:01 +0000 2020
,id,Original text,Clean text,create_at
0,1233816706314907653,"RT @jesustomyrescue: Hope does not put us to shame, because Godâ€™s love has been poured out into our hearts through the Holy Spirit, who hasâ€¦",hope put u shame god   love poured heart holy spirit has ,Sat Feb 29 18:10:00 +0000 2020
,id,Original text,Clean text,create_at
0,1233816686651797504,"RT @noveliciouss: ""Think of all the #beauty still left around you and be #happy."" 
â€” Anne Frank
#writing #inspiration #film #artist 
#Art Yâ€¦",`` think still left around ''   anne frank y ,Sat Feb 29 18:09:55 +0000 2020
,id,Original text,Clean text,create_at
0,1233816686073176064,Loving this new room! ğŸ˜ #pc #pcbuild #pcsetup #love #computer #pcgaming #rgb #pcmasterrace #corsair #icueâ€¦ https://t.co/l2fI5kVP2V,loving new room  ,Sat Feb 29 18:09:55 +0000 2020
,id,Original text,Clean text,create_at
0,1233816683267198978,"This is true ğŸµğŸš—
.
.
#therapy #mentalhealth #selfcare #anxiety #love #mentalhealthawareness #healing #healthâ€¦ https://t.co/S1oVHvOC2R",true  ,Sat Feb 29 18:09:55 +0000 2020
,id,Original text,Clean text,create_at
0,1233816590384353283,Beautiful ğŸ˜ğŸŒğŸ˜‡â™¥ï¸ğŸ’ğŸ˜¯ I love each and every day I spend on our FLAT world :) #flatearth #happy #goodday https://t.co/BYP82HaiRk,beautiful   love every day spend flat world,Sat Feb 29 18:09:33 +0000 2020
,id,Original text,Clean text,create_at
0,1233816539704545282,"RT @JEHJewelry: Personalized basketball keychain, basketball gift, team gift,  by JazzhandsSupply https://t.co/fKJphZvGhk via @Etsy #basketâ€¦",personalized basketball keychain basketball gift team gift jazzhandssupply via  ,Sat Feb 29 18:09:20 +0000 2020
,id,Original text,Clean text,create_at
0,1233816512563208197,"RT @WriteEthan: It took
A lifetime
Of searching
And waiting
And
   Hoping

To understand
The basic truth
No one
Can make me
#Happy

But meâ€¦",took lifetime searching waiting hoping understand basic truth one make me ,Sat Feb 29 18:09:14 +0000 2020
,id,Original text,Clean text,create_at
0,1233816502320664577,"Had such a brilliant time with these beauts yesterday.
Who knew we scrubbed up so well, when out of our dog park clâ€¦ https://t.co/gi5fqbMjDO",brilliant time beaut yesterday knew scrubbed well dog park cl ,Sat Feb 29 18:09:12 +0000 2020
,id,Original text,Clean text,create_at
0,1233816461338193925,"Jaqueta Bordado Patchwork Oversized https://t.co/mTHpkLcdbt
#love #nails #hair https://t.co/zOnVFrNTgi",jaqueta bordado patchwork oversized,Sat Feb 29 18:09:02 +0000 2020
,id,Original text,Clean text,create_at
0,1233816456762187777,"#Change the world with #love

#goals
#SatrudayThoughts https://t.co/ok2KCkKMf6",world,Sat Feb 29 18:09:01 +0000 2020
,id,Original text,Clean text,create_at
0,1233816418602319873,"RT @HaikuRambler: I recognize now
Just how little we truly
Need to be happy

#vsspoem (happy) #haiku #happy",recognize little truly need happy happy,Sat Feb 29 18:08:52 +0000 2020
,id,Original text,Clean text,create_at
0,1233816361551327234,#love #outfit Women's Casual Hat with Pearls &amp;amp; Rhinestone https://t.co/wM9uvxyRil,woman 's casual hat pearl amp amp rhinestone,Sat Feb 29 18:08:38 +0000 2020
,id,Original text,Clean text,create_at
0,1233816337690042379,"RT @BookHubPublish: We love this. To all the daddyâ€™s out there just doing their best, always accept an invitation to a tea party. #daughterâ€¦",love daddy   best always accept invitation tea party  ,Sat Feb 29 18:08:32 +0000 2020
,id,Original text,Clean text,create_at
0,1233816330647851009,#happy #love Five Flavors Hair Wax https://t.co/JH1AeHDKgr https://t.co/dxdiV9j9dG,five flavor hair wax,Sat Feb 29 18:08:31 +0000 2020
,id,Original text,Clean text,create_at
0,1233816323882463233,"RT @UrvashiRautela: Itâ€™s party time cauz its my birthday ğŸ’–ğŸ’•ğŸ€ğŸŠğŸ‰ğŸ‘›ğŸŒ¸ğŸ›ğŸ’•ğŸ’ğŸ’“ğŸ’—ğŸ’ğŸ’˜ğŸ’– .
.
.
.
.
.
.
.
.
.
.
.
.
.
.
.
.
.
.
.
.
.
.
.
#love #UrvashiRautâ€¦",  party time cauz birthday  ,Sat Feb 29 18:08:29 +0000 2020
,id,Original text,Clean text,create_at
0,1233816269859835911,Getting Back Out There: Secrets to Successful Dating &amp; Finding Real #Love! Susan J Elliot talks to JuneStoyer https://t.co/Tz3NtZellx,getting back secret successful dating amp finding real susan j elliot talk junestoyer,Sat Feb 29 18:08:16 +0000 2020
,id,Original text,Clean text,create_at
0,1233816267791814656,RT @knight019: I want someone to look at me the way he looks at rap music ğŸ‘€ #love #music https://t.co/NpRT8lMnsB,want someone look way look rap music,Sat Feb 29 18:08:16 +0000 2020
,id,Original text,Clean text,create_at
0,1233816208165756933,"RT @RichardGrenell: Welcome back from maternity leave, @JedediahBila! Your â€œlife in colorâ€ perspective is inspiring &amp; beautiful. #love",welcome back maternity leave   life color   perspective inspiring amp beautiful,Sat Feb 29 18:08:01 +0000 2020
,id,Original text,Clean text,create_at
0,1233816204101509120,#happy  #streetstyle #moda Anti-Theft Men's Shoulder Bag https://t.co/DcVVg2P2GC,anti-theft men 's shoulder bag,Sat Feb 29 18:08:00 +0000 2020
,id,Original text,Clean text,create_at
0,1233816200460873728,"RT @BranislavMelis_: ğŸ‡¸ğŸ‡° SLOVAKIA - MY HOME ğŸ¡

We are just a small country in the middle of #Europe, but we have beautiful nature and greatâ€¦",  slovakia home small country middle beautiful nature great ,Sat Feb 29 18:08:00 +0000 2020
,id,Original text,Clean text,create_at
0,1233815978359902209,"RT @JoeGrah1: Between the shadows, in the cracks, deep within those transitory moments of uncertainty you will discover #truth #love #lightâ€¦",shadow crack deep within transitory moment uncertainty discover  ,Sat Feb 29 18:07:07 +0000 2020
,id,Original text,Clean text,create_at
0,1233815970440982529,"The expressions alone Tell a story ğŸ“–
I love our First Lady @franmlove ğŸ¥°ğŸ¥°ğŸ¥°
#alive #Lastnight

#IsabelDavisâ€¦ https://t.co/SAsFUlmgOC",expression alone tell story love first lady    ,Sat Feb 29 18:07:05 +0000 2020
,id,Original text,Clean text,create_at
0,1233815860399296515,"RT @BerylCoon: ""What greater gift than the love of a cat.""
Charles Dickens. 

ğŸ’–ğŸ¥°

#CatsOfTwitter #cats #love #FridayVibes #Caturday #iloveyâ€¦",`` greater gift love cat '' charles dickens    ,Sat Feb 29 18:06:38 +0000 2020
,id,Original text,Clean text,create_at
0,1233815814228279296,#Grateful for my loved ones.  I cherish ALL of them.  I always make sure to MAKE time for the people that I #love.â€¦ https://t.co/pAbzeH1gOs,loved one cherish always make sure make time people . ,Sat Feb 29 18:06:27 +0000 2020
,id,Original text,Clean text,create_at
0,1233815786881503232,"RT @Hilde57293257: âœ¨âœ¨Good morning my lovely friends! âœ¨âœ¨

Wishing you all a wonderful day
   with happiness and beautifulâ€¦",good morning lovely friend wishing wonderful day happiness beautiful ,Sat Feb 29 18:06:21 +0000 2020
,id,Original text,Clean text,create_at
0,1233815736390471680,"RT @HotelKilmore: ğŸ’• 29th February 2020 ğŸ’•

We would love to hear your leap year proposal stories, know any ladies that should take the leapâ€¦",29th february 2020 would love hear leap year proposal story know lady take leap ,Sat Feb 29 18:06:09 +0000 2020
,id,Original text,Clean text,create_at
0,1233815706451529730,Happy Saturday #Weekend #Afternoondrinks #Happy #hatersgonnahate ğŸ’— https://t.co/TmNbCqs2SS,happy saturday,Sat Feb 29 18:06:02 +0000 2020
,id,Original text,Clean text,create_at
0,1233815657789054977,"Rainbow
Party
Metal
Colorful
Fun
 #MooLuxe #love #instagood https://t.co/jrALrNVJha",rainbow party metal colorful fun,Sat Feb 29 18:05:50 +0000 2020
,id,Original text,Clean text,create_at
0,1233815624901517312,#love @ My Happy Place https://t.co/oIzZjiewNI,happy place,Sat Feb 29 18:05:42 +0000 2020
,id,Original text,Clean text,create_at
0,1233815587240980481,"RT @SevenShepherd: ""For he taught them as [one] having authority, and not as the scribes."" ~Matthew 7:29 #Love #Bible #God",`` taught one authority scribe '' ~matthew 729,Sat Feb 29 18:05:33 +0000 2020
,id,Original text,Clean text,create_at
0,1233815527908352001,RT @Veron2V: WRAPPING PAPER Beautiful Pink Rose on a Dark Green Background. Nature close up photography.Â https://t.co/rvkagERqvV #pinkroseâ€¦,wrapping paper beautiful pink rose dark green background nature close photography  ,Sat Feb 29 18:05:19 +0000 2020
,id,Original text,Clean text,create_at
0,1233815522363441152,"Captain hook Ã—2 ğŸ˜ğŸ˜!

#love
#inlove
#amor
#enamorada
#disney
#peterpan
#pirate
#hook 
#garfio
#model
#kids
#funâ€¦ https://t.co/R4KFJfi1fR",captain hook  2  ,Sat Feb 29 18:05:18 +0000 2020
,id,Original text,Clean text,create_at
0,1233815445188247557,"Anything is achievable when your heart is so full of #joy &gt;&gt; https://t.co/6WlIc8Q1ZZ

#saturdayafternoonâ€¦ https://t.co/t1HD4mh0Yc",anything achievable heart full gt gt  ,Sat Feb 29 18:04:59 +0000 2020
,id,Original text,Clean text,create_at
0,1233815433549144065,#Happy Post https://t.co/txx2t3prwT,post,Sat Feb 29 18:04:57 +0000 2020
